{"cameraMode":{"drawMode":0,"name":"Shaded","section":"Shading Mode"},"sceneLighting":true,"audioPlay":false,"sceneViewState":{"showFog":true,"showMaterialUpdate":false,"showSkybox":true,"showFlares":true,"showImageEffects":true,"showParticleSystems":true},"in2DMode":false,"pivot":{"x":-101.52967071533203,"y":321.327880859375,"z":732.217529296875},"rotation":{"x":-0.04529506340622902,"y":-0.002400678815320134,"z":0.00010901037603616714,"w":-0.9989707469940186},"size":2270.145751953125,"orthographic":false}